,Nome,Esfera,Ente federativo,Cargo (ultima alteração),Partido,Twitter,Facebook,FacebookID,Data início,Data término,Twitterid
0,Alan Rick Miranda,Estadual,Acre,Deputado Federal eleito,DEM,alan_rick,,id213808655377408,07/10/2018,-,65308388
1,Cylmara Fernandes Da Rocha Gripp,Estadual,Acre,Deputado Federal eleito,PSDB,,,id280207712721855,07/10/2018,-,
2,Flaviano Flavio Baptista De Melo,Estadual,Acre,Deputado Federal eleito,MDB,flaviano_melo,,id1504479649763573,07/10/2018,-,85106260
3,Jessica Rojas Sales,Estadual,Acre,Deputado Federal eleito,MDB,,,id,07/10/2018,-,
4,Jesus Sergio De Menezes,Estadual,Acre,Deputado Federal eleito,PDT,,,id198351500798968,07/10/2018,-,
5,Manuel Marcos Carvalho De Mesquita,Estadual,Acre,Deputado Federal eleito,PRB,,,id396113810473968,07/10/2018,-,
6,Marcio Miguel Bittar,Estadual,Acre,Senador eleito,MDB,marciobittar_,,id555803774486872,07/10/2018,-,326187528
7,Maria Perpetua De Almeida,Estadual,Acre,Deputado Federal eleito,PC do B,perpetua_acre,,id161197557282987,07/10/2018,-,44693900
8,Sérgio De Oliveira Cunha,Estadual,Acre,Senador eleito,PSD,senadorpetecao,,id245784392128312,07/10/2018,-,87186953
9,Vanda Denir Milani Nogueira,Estadual,Acre,Deputado Federal eleito,SOLIDARIEDADE,joeniac,,id1601715893260426,07/10/2018,-,82227920
10,Arthur Cesar Pereira De Lira,Estadual,Alagoas,Deputado Federal eleito,PP,liderppnacamara,,id553734458071369,07/10/2018,-,84930608
11,Isnaldo Bulhões Barros Junior,Estadual,Alagoas,Deputado Federal eleito,MDB,bulhoesjr,,id1513764222043776,07/10/2018,-,160760421
12,João Henrique Holanda Caldas,Estadual,Alagoas,Deputado Federal eleito,PSB,,,id375940632464690,07/10/2018,-,
13,José Renan Vasconcelos Calheiros,Estadual,Alagoas,Senador eleito,MDB,renancalheiros,,id576313645847016,07/10/2018,-,1650330319
14,Marx Beltrão Lima Siqueira,Estadual,Alagoas,Deputado Federal eleito,PSD,,,id453491971360371,07/10/2018,-,
15,Nivaldo Ferreira De Albuquerque Neto,Estadual,Alagoas,Deputado Federal eleito,PTB,nivaldoalbuque,,id138502099895292,07/10/2018,-,854773827515142148
16,Paulo Fernando Dos Santos,Estadual,Alagoas,Deputado Federal eleito,PT,paulaodopt,,id250334068452972,07/10/2018,-,131004593
17,Rodrigo Santos Cunha,Estadual,Alagoas,Senador eleito,PSDB,rodrigocunhaal,,id645681708802441,07/10/2018,-,37050975
18,Sérgio Toledo De Albuquerque,Estadual,Alagoas,Deputado Federal eleito,Estado do Paraná,depsergiotoledo,,id461440950613316,07/10/2018,-,68292109
19,Severino De Lira Pessôa,Estadual,Alagoas,Deputado Federal eleito,PRB,,,id222828721560501,07/10/2018,-,
20,Tereza Nelma Da Silva Porto Viana Soares,Estadual,Alagoas,Deputado Federal eleito,PSDB,terezanelma_,,id514156245358687,07/10/2018,-,131215162
21,Acácio Da Silva Favacho Neto,Estadual,Amapá,Deputado Federal eleito,PROS,acaciofavacho,,id248744661890403,07/10/2018,-,85585107
22,Aline Paranhos Varonil Gurgel,Estadual,Amapá,Deputado Federal eleito,PRB,,,id292264857621991,07/10/2018,-,
23,Andre Dos Santos Abdon,Estadual,Amapá,Deputado Federal eleito,PP,,,id853785441352661,07/10/2018,-,
24,Carlos Camilo Goes Capiberibe,Estadual,Amapá,Deputado Federal eleito,PSB,camilopsb,,id191400270968241,07/10/2018,-,49339134
25,Leda Maria Sadala Brito,Estadual,Amapá,Deputado Federal eleito,AVANTE,ledasadala,,id184298072237044,07/10/2018,-,1378358642
26,Luiz Cantuária Barreto,Estadual,Amapá,Senador eleito,PTB,,,id274851776445620,07/10/2018,-,
27,Luiz Carlos Gomes Dos Santos Junior,Estadual,Amapá,Deputado Federal eleito,PSDB,,,id470780289637001,07/10/2018,-,
28,Marcivania Do Socorro Da Rocha Flexa,Estadual,Amapá,Deputado Federal eleito,PC do B,marcivania65,,id820411221317089,07/10/2018,-,184543392
29,Randolph Frederich Rodrigues Alves,Estadual,Amapá,Senador eleito,REDE,randolfeap,,id687008454694990,07/10/2018,-,85327394
30,Vinícius De Azevedo Gurgel,Estadual,Amapá,Deputado Federal eleito,Estado do Paraná,,,id289160704429225,07/10/2018,-,
31,Alberto Barros Cavalcante Neto,Estadual,Amazonas,Deputado Federal eleito,PRB,cavalcantecta_n,,id865232070270799,07/10/2018,-,3026187358
32,Atila Sidney Lins De Albuquerque,Estadual,Amazonas,Deputado Federal eleito,PP,,,id329607960409077,07/10/2018,-,
33,Carlos Eduardo De Souza Braga,Estadual,Amazonas,Senador eleito,MDB,eduardobraga_am,,id263563620333111,07/10/2018,-,164439493
34,Francisco Plinio Valerio Tomaz,Estadual,Amazonas,Senador eleito,PSDB,,,id953514998164299,07/10/2018,-,
35,João Bosco Gomes Saraiva,Estadual,Amazonas,Deputado Federal eleito,SOLIDARIEDADE,boscosaraiva,,id115202802000022,07/10/2018,-,221399756
36,Jose Ricardo Wendling,Estadual,Amazonas,Deputado Federal eleito,PT,,,id474726722595004,07/10/2018,-,
37,Marcelo Ramos Rodrigues,Estadual,Amazonas,Deputado Federal eleito,Estado do Paraná,,,id123110164425108,07/10/2018,-,
38,Pablo Oliva Souza,Estadual,Amazonas,Deputado Federal eleito,PSL,delegadopablo_,,id1414301995348590,07/10/2018,-,1019959604971802625
39,Sidney Ricardo De Oliveira Leite,Estadual,Amazonas,Deputado Federal eleito,PSD,,,id489383607761535,07/10/2018,-,
40,Silas Câmara,Estadual,Amazonas,Deputado Federal eleito,PRB,silascamara_,,id287239394648019,07/10/2018,-,243018634
41,Adolfo Viana De Castro Neto,Estadual,Bahia,Deputado Federal eleito,PSDB,adolfoviana_,,id1299447983450182,07/10/2018,-,2531327868
42,Afonso Bandeira Florence,Estadual,Bahia,Deputado Federal eleito,PT,afonsoflorence,,id355172881251380,07/10/2018,-,599427558
43,Alex Marco Santana Sousa,Estadual,Bahia,Deputado Federal eleito,PDT,,,id1925056834487233,07/10/2018,-,
44,Alice Mazzuco Portugal,Estadual,Bahia,Deputado Federal eleito,PC do B,alice_portugal,,id149121948526976,07/10/2018,-,42304398
45,Anderson Machado De Jesus,Estadual,Bahia,Deputado Federal eleito,PHS,,,id309796436085284,07/10/2018,-,
46,Angelo Mario Coronel De Azevedo Martins,Estadual,Bahia,Senador eleito,PSD,angelocoronel,,id405696379766191,07/10/2018,-,85202301
47,Antonio Luiz Paranhos Ribeiro Leite De Brito,Estadual,Bahia,Deputado Federal eleito,PSD,,,id350534811763516,07/10/2018,-,
48,Arthur De Oliveira Maia Da Silva,Estadual,Bahia,Deputado Federal eleito,DEM,departhurmaia,,id558618490903477,07/10/2018,-,42454330
49,Carlos Felipe Vazquez De Souza Leão,Estadual,Bahia,Deputado Federal eleito,PP,cacaleao,,id1524680221094223,07/10/2018,-,100521721
50,Carlos Tito Marques Cordeiro,Estadual,Bahia,Deputado Federal eleito,AVANTE,,,id451370971560727,07/10/2018,-,
51,Charles Fernandes, Estadual, Bahia, Deputado Federal, PSD, CharlesGbi,,,,,130910658
52,Claudio Cajado Sampaio,Estadual,Bahia,Deputado Federal eleito,PP,deputadocajado,,id1638752696387328,07/10/2018,-,4439813068
53,Daniel Gomes De Almeida,Estadual,Bahia,Deputado Federal eleito,PC do B,daniel_pcdob,,id216099355223068,07/10/2018,-,71545154
54,Dayane Jamille Carneiro Dos Santos Pimentel,Estadual,Bahia,Deputado Federal eleito,PSL,deppimentel,,id302075393510786,07/10/2018,-,1026636587298443265
55,Elmar José Vieira Nascimento,Estadual,Bahia,Deputado Federal eleito,DEM,depelmar,,id1475414669371697,07/10/2018,-,1473497839
56,Felix De Almeida Mendonça Junior,Estadual,Bahia,Deputado Federal eleito,PDT,felixmendoncajr,,id1521288524756090,07/10/2018,-,45235841
57,Jaques Wagner,Estadual,Bahia,Senador eleito,PT,jaqueswagner,,id136224023082363,07/10/2018,-,62501888
58,João Carlos Bacelar Batista,Estadual,Bahia,Deputado Federal eleito,PODE,deputadobacelar,,id152534811624066,07/10/2018,-,52364013
59,Joao Carlos Paolilo Bacelar Filho,Estadual,Bahia,Deputado Federal eleito,Estado do Paraná,,,id630006647069241,07/10/2018,-,
60,João Inácio Ribeiro Roma Neto,Estadual,Bahia,Deputado Federal eleito,PRB,joaoromaneto,,id653716951478918,07/10/2018,-,84141432
61,Jorge José Santos Pereira Solla,Estadual,Bahia,Deputado Federal eleito,PT,depjorgesolla,,id800887096597818,07/10/2018,-,2605560932
62,Jose Abilio Silva De Santana,Estadual,Bahia,Deputado Federal eleito,PHS,,,id,07/10/2018,-,
63,Jose Alves Rocha,Estadual,Bahia,Deputado Federal eleito,Estado do Paraná,joserocha_,,id517073085162101,07/10/2018,-,158099363
64,José Cerqueira De Santana Neto,Estadual,Bahia,Deputado Federal eleito,PT,depzeneto,,id361989510562789,07/10/2018,-,62664968
65,José Marcelo Do Nascimento Nilo,Estadual,Bahia,Deputado Federal eleito,PSB,depmarcelonilo,,id395976670456376,07/10/2018,-,124148802
66,Jose Nunes Soares,Estadual,Bahia,Deputado Federal eleito,PSD,josenunesdep,,id550026751729752,07/10/2018,-,113138687
67,Josias Gomes Da Silva,Estadual,Bahia,Deputado Federal eleito,PT,josiasgomesba,,id208884825929448,07/10/2018,-,154327424
68,Leur Antonio De Britto Lomanto Junior,Estadual,Bahia,Deputado Federal eleito,DEM,leurlomantojr,,id1470752259861187,07/10/2018,-,74538721
69,Lídice Da Mata E Souza,Estadual,Bahia,Deputado Federal eleito,PSB,lidicedamata,,id203206869718110,07/10/2018,-,52724814
70,Manoel Isidorio De Santana Junior,Estadual,Bahia,Deputado Federal eleito,AVANTE,pastorisidorio,,id1642363142681223,07/10/2018,-,255510720
71,Marcio Carlos Marinho,Estadual,Bahia,Deputado Federal eleito,PRB,dpmarciomarinho,,id463527207044648,07/10/2018,-,92743190
72,Mário Silvio Mendes Negromonte Júnior,Estadual,Bahia,Deputado Federal eleito,PP,depmariojr,,id575263439225940,07/10/2018,-,301073715
73,Nelson Vicente Portela Pellegrino,Estadual,Bahia,Deputado Federal eleito,PT,nelsonpelegrino,,id115817631832570,07/10/2018,-,169640511
74,Otto Roberto Mendonça De Alencar Filho,Estadual,Bahia,Deputado Federal eleito,PSD,ottoalencar,,id141792789928342,07/10/2018,-,2377502743
75,Paulo Velloso Dantas Azi,Estadual,Bahia,Deputado Federal eleito,DEM,pauloazi,,id1494112327487143,07/10/2018,-,110229251
76,Raimundo Magalhães Costa,Estadual,Bahia,Deputado Federal eleito,PRP,raimundocostas,,id1964028583630362,07/10/2018,-,180006847
77,Ronaldo Carletto,Estadual,Bahia,Deputado Federal eleito,PP,ronaldocarletto,,id636192333121270,07/10/2018,-,2458225327
78,Sergio Luis Lacerda Brito,Estadual,Bahia,Deputado Federal eleito,PSD,,,id1449186785352393,07/10/2018,-,
79,Uldurico Alencar Pinto,Estadual,Bahia,Deputado Federal eleito,PPL,,,id326144047545564,07/10/2018,-,
80,Valmir Carlos Da Assunção,Estadual,Bahia,Deputado Federal eleito,PT,depvalmir,,id132788450089945,07/10/2018,-,2327900299
81,Waldenor Alves Pereira Filho,Estadual,Bahia,Deputado Federal eleito,PT,waldenorpereira,,id533276736728690,07/10/2018,-,62803861
82,Andre Peixoto Figueiredo Lima,Estadual,Ceará,Deputado Federal eleito,PDT,andrepdt12,,id345829265488872,07/10/2018,-,165922194
83,Antonio Idilvan De Lima Alencar,Estadual,Ceará,Deputado Federal eleito,PDT,,,id224968724875918,07/10/2018,-,
84,Antonio Jose Aguiar Albuquerque,Estadual,Ceará,Deputado Federal eleito,PP,,,id163911517374476,07/10/2018,-,
85,Antônio Luiz Rodrigues Mano Júnior,Estadual,Ceará,Deputado Federal eleito,PATRI,,,id1943714345861625,07/10/2018,-,
86,Carlos Mauro Benevides Filho,Estadual,Ceará,Deputado Federal eleito,PDT,deputadomaurobf,,id1432229983657475,07/10/2018,-,2201810353
87,Celio Studart Barbosa,Estadual,Ceará,Deputado Federal eleito,PV,celiostudart,,id143803862450980,07/10/2018,-,631667943
88,Cid Ferreira Gomes,Estadual,Ceará,Senador eleito,PDT,cidfgomes,,id658216240856974,07/10/2018,-,49089646
89,Denis Anderson Da Rocha Bezerra,Estadual,Ceará,Deputado Federal eleito,PSB,,,id158153364906858,07/10/2018,-,
90,Domingos Gomes De Aguiar Neto,Estadual,Ceará,Deputado Federal eleito,PSD,domingos_neto,,id1507476039474128,07/10/2018,-,42626592
91,Eduardo Henrique Maia Bismarck,Estadual,Ceará,Deputado Federal eleito,PDT,eduardobismarck,,id356774021132484,07/10/2018,-,74361905
92,Francisco Vaidon Oliveira,Estadual,Ceará,Deputado Federal eleito,PROS,vaidonoliveira,,id,07/10/2018,-,1136855348
93,Genecias Mateus Noronha,Estadual,Ceará,Deputado Federal eleito,SOLIDARIEDADE,depgenecias,,id213910975288105,07/10/2018,-,147953290
94,Heitor Rodrigo Pereira Freire,Estadual,Ceará,Deputado Federal eleito,PSL,heitorfreirece,,id844031609039240,07/10/2018,-,946360472286257152
95,Jaziel Pereira De Sousa,Estadual,Ceará,Deputado Federal eleito,Estado do Paraná,drjaziel,,id689713134498557,07/10/2018,-,192775491
96,Jose Airton Felix Cirilo Da Silva,Estadual,Ceará,Deputado Federal eleito,PT,joseairtonpt,,id532313946789323,07/10/2018,-,63868587
97,José Leônidas De Menezes Cristino,Estadual,Ceará,Deputado Federal eleito,PDT,joseleonidas,,id1271496449602306,07/10/2018,-,65900039
98,Jose Nobre Guimaraes,Estadual,Ceará,Deputado Federal eleito,PT,guimaraes13pt,,id136526549720709,07/10/2018,-,49696756
99,Luis Eduardo Grangeiro Girão,Estadual,Ceará,Senador eleito,PROS,edugiraooficial,,id486914985073732,07/10/2018,-,1024403315164160000
100,Luizianne De Oliveira Lins,Estadual,Ceará,Deputado Federal eleito,PT,luizianne13pt,,id330300883714439,07/10/2018,-,2666819714
101,Marcos Roberio Ribeiro Monteiro,Estadual,Ceará,Deputado Federal eleito,PDT,,,id373529029833170,07/10/2018,-,
102,Moses Haendel Melo Rodrigues,Estadual,Ceará,Deputado Federal eleito,MDB,depfederalmoses,,id689234604459715,07/10/2018,-,2217650233
103,Pedro Augusto Geromel Bezerra De Menezes,Estadual,Ceará,Deputado Federal eleito,PTB,,,id490298884771598,07/10/2018,-,
104,Roberto Soares Pessoa,Estadual,Ceará,Deputado Federal eleito,PSDB,robertopessoace,,id607536689297357,07/10/2018,-,2165160385
105,Wagner Sousa Gomes,Estadual,Ceará,Deputado Federal eleito,PROS,capitao_wagner,,id338601016235780,07/10/2018,-,624977201
106,Celina Leao Hizim,Estadual,Distrito Federal,Deputado Federal eleito,PP,celinaleao,,id438031969571322,07/10/2018,-,51935259
107,Luis Claudio Fernandes Miranda,Estadual,Distrito Federal,Deputado Federal eleito,DEM,,,id1496677140634911,07/10/2018,-,
108,Paula Moreno Paro Belmonte,Estadual,Distrito Federal,Deputado Federal eleito,PPS,paulambelmonte,,id481960978885807,07/10/2018,-,989854043370606592
109,Beatriz Kicis Torrents De Sordi,Estadual,Distrito Federal,Deputado Federal eleito,PRP,biakicis,,id522420381257862,07/10/2018,-,357030742
110,Erika Juca Kokay,Estadual,Distrito Federal,Deputado Federal eleito,PT,erikakokay,,id257453204279241,07/10/2018,-,87021796
111,Flavia Carolina Peres,Estadual,Distrito Federal,Deputado Federal eleito,Estado do Paraná,,,id1479932885589807,07/10/2018,-,
112,Israel Matos Batista,Estadual,Distrito Federal,Deputado Federal eleito,PV,profisrael,,id429957570419097,07/10/2018,-,68719944
113,Izalci Lucas Ferreira,Estadual,Distrito Federal,Senador eleito,PSDB,izalcilucas,,id1385505868350890,07/10/2018,-,82144764
114,Julio Cesar Ribeiro,Estadual,Distrito Federal,Deputado Federal eleito,PRB,depjuliocesarpi,,id282481151854972,07/10/2018,-,119115954
115,Leila Gomes De Barros Rêgo,Estadual,Distrito Federal,Senador eleito,PSB,leiladovolei,,id578898368860170,07/10/2018,-,986978033159626754
116,Amaro Rocha Nascimento Neto,Estadual,Espirito Santo,Deputado Federal eleito,PRB,,,id368704519884205,07/10/2018,-,
117,Antonio Sergio Alves Vidigal,Estadual,Espirito Santo,Deputado Federal eleito,PDT,vidigalsergio,,id952849801440316,07/10/2018,-,3315236400
118,Evair Vieira De Melo,Estadual,Espirito Santo,Deputado Federal eleito,PP,,,id529821053761365,07/10/2018,-,
119,Fabiano Contarato,Estadual,Espirito Santo,Senador eleito,REDE,fabicontarato,,id783999288312445,07/10/2018,-,171655146
120,Felipe Rigoni Lopes,Estadual,Espirito Santo,Deputado Federal eleito,PSB,rigoni_felipe,,id1635492076680391,07/10/2018,-,939423395376136192
121,Helder Ignacio Salomão,Estadual,Espirito Santo,Deputado Federal eleito,PT,heldersalomao,,id546851998788534,07/10/2018,-,80575628
122,Josias Mario Da Vitoria,Estadual,Espirito Santo,Deputado Federal eleito,PPS,,,id499520976775813,07/10/2018,-,
123,Lauriete Rodrigues De Jesus Malta,Estadual,Espirito Santo,Deputado Federal eleito,Estado do Paraná,depfedlauriete,,id144005945803151,07/10/2018,-,485963392
124,Marcos Ribeiro Do Val,Estadual,Espirito Santo,Senador eleito,PPS,marcosdoval,,id360331564101406,07/10/2018,-,54600557
125,Norma Ayub Alves,Estadual,Espirito Santo,Deputado Federal eleito,DEM,,,id217565111759515,07/10/2018,-,
126,Paulo Roberto Foletto,Estadual,Espirito Santo,Deputado Federal eleito,PSB,deputadofoletto,,id184948081656256,07/10/2018,-,157995216
127,Soraya De Souza Mannato,Estadual,Espirito Santo,Deputado Federal eleito,PSL,DraManato,,id197504777788137,07/10/2018,-,1052278385987244034
128,Adriano Antônio Avelar,Estadual,Goiás,Deputado Federal eleito,PP,adrianodobaldy,,id924601577651630,07/10/2018,-,1030097176293195776
129,Alcides Ribeiro Filho,Estadual,Goiás,Deputado Federal eleito,PP,,,id529741837114868,07/10/2018,-,
130,Alcides Rodrigues Filho,Estadual,Goiás,Deputado Federal eleito,PRP,,,id314951562595058,07/10/2018,-,
131,Célio Antônio Da Silveira,Estadual,Goiás,Deputado Federal eleito,PSDB,csilveira4599,,id627331587415618,07/10/2018,-,2698476325
132,Elias Vaz De Andrade,Estadual,Goiás,Deputado Federal eleito,PSB,eliasvazgyn,,id661866270570867,07/10/2018,-,87445599
133,Flavia Carreiro Albuquerque Morais,Estadual,Goiás,Deputado Federal eleito,PDT,depflaviamorais,,id518889098214357,07/10/2018,-,109046897
134,Francisco Rodrigues Vale Junior,Estadual,Goiás,Deputado Federal eleito,PSD,franciscojr_go,,id493537950659225,07/10/2018,-,159116494
135,Glauskston Batista Rios,Estadual,Goiás,Deputado Federal eleito,PSC,glaustinfokus,,id166001994065417,07/10/2018,-,133692726
136,João Campos De Araújo,Estadual,Goiás,Deputado Federal eleito,PRB,joaocamposdep,,id586776594697429,07/10/2018,-,97088495
137,Jorge Kajuru Reis Da Costa Nasser,Estadual,Goiás,Senador eleito,PRP,SenadorKajuru,,id1397837253786447,07/10/2018,-,193441509
138,Jose Mario Schreiner,Estadual,Goiás,Deputado Federal eleito,DEM,ZeMarioGO,,id129661170725385,07/10/2018,-,1932531692
139,José Nelto Lagares Das Mercez,Estadual,Goiás,Deputado Federal eleito,PODE,depjosenelto,,id1592321727682595,07/10/2018,-,2995610423
140,Lucas De Castro Santos,Estadual,Goiás,Deputado Federal eleito,SOLIDARIEDADE,vergiliolucas77,,id504537839674054,07/10/2018,-,2717062461
141,Magda Mofatto Hon,Estadual,Goiás,Deputado Federal eleito,Estado do Paraná,magdamofatto,,id396626607095420,07/10/2018,-,64713240
142,Rubens Otoni Gomide,Estadual,Goiás,Deputado Federal eleito,PT,rubensotoni,,id216474455105209,07/10/2018,-,54539654
143,Vanderlan Vieira Cardoso,Estadual,Goiás,Senador eleito,PP,vanderlan_vc,,id206019209573311,07/10/2018,-,162807255
144,Vitor Hugo De Araujo Almeida,Estadual,Goiás,Deputado Federal eleito,PSL,majorvitorhugo,,id577255795999910,07/10/2018,-,332324517
145,Waldir Soares De Oliveira,Estadual,Goiás,Deputado Federal eleito,PSL,delegado_waldir,,id306388799493851,07/10/2018,-,288735634
146,Zacarias Calil Hamu,Estadual,Goiás,Deputado Federal eleito,DEM,,,id266360393867344,07/10/2018,-,
147,Aluisio Guimarães Mendes Filho,Estadual,Maranhão,Deputado Federal eleito,PODE,aluisiomendesma,,id334810013335023,07/10/2018,-,2654800357
148,Andre Luiz Carvalho Ribeiro,Estadual,Maranhão,Deputado Federal eleito,PP,depandrefufuca,,id474257199269888,07/10/2018,-,3254270357
149,Antonio Da Cruz Filgueira Neto,Estadual,Maranhão,Deputado Federal eleito,PATRI,juniormarreca,,id,07/10/2018,-,2728679039
150,Cleber Verde Cordeiro Mendes,Estadual,Maranhão,Deputado Federal eleito,PRB,cleberverde10,,id2078944365512912,07/10/2018,-,3092387621
151,Edilazio Gomes Da Silva Junior,Estadual,Maranhão,Deputado Federal eleito,PSD,edilaziojunior,,id699839630032981,07/10/2018,-,138250947
152,Eduardo Salim Braide,Estadual,Maranhão,Deputado Federal eleito,PMN,soueduardo33,,id1417942768479036,07/10/2018,-,781695188653703168
153,Eliziane Pereira Gama Melo,Estadual,Maranhão,Senador eleito,PPS,elizianegama,,id837707072929819,07/10/2018,-,106134926
154,Gildenemir De Lima Sousa,Estadual,Maranhão,Deputado Federal eleito,PMN,,,id600776280271712,07/10/2018,-,
155,Gilliano Fred Nascimento Cutrim,Estadual,Maranhão,Deputado Federal eleito,PDT,gilcutrim,,id460851790686104,07/10/2018,-,163165805
156,Hildo Augusto Da Rocha Neto,Estadual,Maranhão,Deputado Federal eleito,MDB,hildorochaPMDB,,id587492024677202,07/10/2018,-,772965162810761216
157,João Marcelo Santos Souza,Estadual,Maranhão,Deputado Federal eleito,MDB,,,id1648893302002419,07/10/2018,-,
158,Jose Carlos Nunes Junior,Estadual,Maranhão,Deputado Federal eleito,PT,dep_zecarlospt,,id119993288189390,07/10/2018,-,1325494376
159,José Juscelino Dos Santos Rezende Filho,Estadual,Maranhão,Deputado Federal eleito,DEM,depjuscelino,,id1464829283764986,07/10/2018,-,2970617333
160,Jose Lourenço Bonfim Junior,Estadual,Maranhão,Deputado Federal eleito,Estado do Paraná,,,id239244869511517,07/10/2018,-,
161,Josimar Cunha Rodrigues,Estadual,Maranhão,Deputado Federal eleito,Estado do Paraná,josimarpr22,,id775669792490001,07/10/2018,-,948927124316008449
162,Márcio Jerry Saraiva Barroso,Estadual,Maranhão,Deputado Federal eleito,PC do B,marciojerry,,id551970688209452,07/10/2018,-,48122425
163,Pedro Lucas Andrade Fernandes Ribeiro,Estadual,Maranhão,Deputado Federal eleito,PTB,_PedroLucasF,,id737219703041909,07/10/2018,-,839900485494657027
164,Rubens Pereira E Silva Junior,Estadual,Maranhão,Deputado Federal eleito,PC do B,rubenspereirajr,,id231256850282149,07/10/2018,-,57906445
165,Ubirajara Do Pindaré Almeida Sousa,Estadual,Maranhão,Deputado Federal eleito,PSB,biradopindare,,id219582141509970,07/10/2018,-,137548563
166,Weverton Rocha Marques De Sousa,Estadual,Maranhão,Senador eleito,PDT,wevertonrocha,,id142099522556207,07/10/2018,-,85859074
167,Carlos Gomes Bezerra,Estadual,Mato Grosso,Deputado Federal eleito,MDB,carlosbezerrajr,,id646168272127229,07/10/2018,-,59483409
168,Emanuel Pinheiro Da Silva Primo,Estadual,Mato Grosso,Deputado Federal eleito,PTB,,,id2003436826373367,07/10/2018,-,
169,Jayme Verissimo De Campos,Estadual,Mato Grosso,Senador eleito,DEM,,,id401673676620654,07/10/2018,-,
170,Jose Antonio Dos Santos Medeiros,Estadual,Mato Grosso,Deputado Federal eleito,PODE,josemedeirosmt,,id312680748928001,07/10/2018,-,157226645
171,Juarez Alves Da Costa,Estadual,Mato Grosso,Deputado Federal eleito,MDB,,,id2033526680291109,07/10/2018,-,
172,Leonardo Ribeiro Albuquerque,Estadual,Mato Grosso,Deputado Federal eleito,SOLIDARIEDADE,drleonardomt,,id,07/10/2018,-,3131609429
173,Nelson Ned Previdente,Estadual,Mato Grosso,Deputado Federal eleito,PSL,,,id1949451478414650,07/10/2018,-,
174,Neri Geller,Estadual,Mato Grosso,Deputado Federal eleito,PP,nerigeller,,id2268118040088348,07/10/2018,-,148833226
175,Rosa Neide Sandes De Almeida,Estadual,Mato Grosso,Deputado Federal eleito,PT,,,id2103554259677870,07/10/2018,-,
176,Selma Rosane Santos Arruda,Estadual,Mato Grosso,Senador eleito,PSL,,,id556444774742274,07/10/2018,-,
177,Dagoberto Nogueira Filho,Estadual,Mato Grosso do Sul,Deputado Federal eleito,PDT,dagobertopdt,,id,07/10/2018,-,60654076
178,Fabio Ricardo Trad,Estadual,Mato Grosso do Sul,Deputado Federal eleito,PSD,,,id108691132628721,07/10/2018,-,
179,Humberto Rezende Pereira,Estadual,Mato Grosso do Sul,Deputado Federal eleito,PSDB,,,id304158673086753,07/10/2018,-,
180,Loester Carlos Gomes De Souza,Estadual,Mato Grosso do Sul,Deputado Federal eleito,PSL,,,id1738245342858207,07/10/2018,-,
181,Luiz Alberto Ovando,Estadual,Mato Grosso do Sul,Deputado Federal eleito,PSL,,,id445813468815386,07/10/2018,-,
182,Nelson Trad Filho,Estadual,Mato Grosso do Sul,Senador eleito,PTB,nelsinhotrad,,id174471285940778,07/10/2018,-,54412355
183,Rosiane Modesto De Oliveira,Estadual,Mato Grosso do Sul,Deputado Federal eleito,PSDB,rosemodestoms,,id194227587378355,07/10/2018,-,632251844
184,Soraya Vieira Thronicke,Estadual,Mato Grosso do Sul,Senador eleito,PSL,sorayathronicke,,id1142941029175690,07/10/2018,-,3167874665
185,Tereza Cristina Correa Da Costa Dias,Estadual,Mato Grosso do Sul,Deputado Federal eleito,DEM,terezacrisms,,id436888273049888,07/10/2018,-,270399607
186,Vander Luiz Dos Santos Loubet,Estadual,Mato Grosso do Sul,Deputado Federal eleito,PT,vanderloubet,,id547530398646435,07/10/2018,-,54547924
187,Aécio Neves Da Cunha,Estadual,Minas Gerais,Deputado Federal eleito,PSDB,aecioneves,,id411754008869486,07/10/2018,-,15828014
188,Alessandra Da Silva,Estadual,Minas Gerais,Deputado Federal eleito,PSL,,,id549608648565581,07/10/2018,-,
189,Andre Luis Gaspar Janones,Estadual,Minas Gerais,Deputado Federal eleito,AVANTE,andrejanones,,id239872239397663,07/10/2018,-,79197607
190,Antônio Pinheiro Neto,Estadual,Minas Gerais,Deputado Federal eleito,PP,,,id393428077515241,07/10/2018,-,
191,Áurea Carolina De Freitas E Silva,Estadual,Minas Gerais,Deputado Federal eleito,PSOL,aureacarolinax,,id284780545201205,07/10/2018,-,477166288
192,Carlos Alberto Dias Viana,Estadual,Minas Gerais,Senador eleito,PHS,carlosaviana,,id157982450937286,07/10/2018,-,74309518
193,Charlles Thomacelli Evangelista,Estadual,Minas Gerais,Deputado Federal eleito,PSL,,,id618352678230929,07/10/2018,-,
194,Diego Leonardo De Andrade Carvalho,Estadual,Minas Gerais,Deputado Federal eleito,PSD,,,id488020057942864,07/10/2018,-,
195,Dimas Fabiano Toledo Junior,Estadual,Minas Gerais,Deputado Federal eleito,PP,depdimasfabiano,,id206365432837539,07/10/2018,-,266796646
196,Domingos Sávio Campos Resende,Estadual,Minas Gerais,Deputado Federal eleito,PSDB,domingossaviomg,,id395748880458898,07/10/2018,-,87473436
197,Eduardo Luiz Barros Barbosa,Estadual,Minas Gerais,Deputado Federal eleito,PSDB,eduardobarbosa_,,id391321314263162,07/10/2018,-,88185879
198,Eliel Márcio Do Carmo,Estadual,Minas Gerais,Deputado Federal eleito,PSL,,,id1511147329109988,07/10/2018,-,
199,Emidio Alves Madeira Junior,Estadual,Minas Gerais,Deputado Federal eleito,PSB,,,id781653925252644,07/10/2018,-,
200,Eros Ferreira Biondini,Estadual,Minas Gerais,Deputado Federal eleito,PROS,erosbiondini,,id150455861700307,07/10/2018,-,59449883
201,Euclydes Marcos Pettersen Neto,Estadual,Minas Gerais,Deputado Federal eleito,PSC,,,id204233796884577,07/10/2018,-,
202,Fábio Augusto Ramalho Dos Santos,Estadual,Minas Gerais,Deputado Federal eleito,MDB,_fabinhoramalho,,id,07/10/2018,-,177629567
203,Franco Cartafina Gomes,Estadual,Minas Gerais,Deputado Federal eleito,PHS,francocartafina,,id490602331026753,07/10/2018,-,50012223
204,Frederico Borges Da Costa,Estadual,Minas Gerais,Deputado Federal eleito,PATRI,fredcosta5133,,id224950980894382,07/10/2018,-,56689975
205,Frederico De Castro Escaleira,Estadual,Minas Gerais,Deputado Federal eleito,PATRI,,,id167306944111245,07/10/2018,-,
206,Geraldo Junio Do Amaral,Estadual,Minas Gerais,Deputado Federal eleito,PSL,cabojunioamaral,,id815039985305536,07/10/2018,-,917727546615193601
207,Gilberto Aparecido Abramo,Estadual,Minas Gerais,Deputado Federal eleito,PRB,gilbertoabramo,,id265124996987625,07/10/2018,-,80095058
208,Greyce De Queiroz Elias,Estadual,Minas Gerais,Deputado Federal eleito,AVANTE,,,id1433103303568739,07/10/2018,-,
209,Hercílio Araújo Diniz Filho,Estadual,Minas Gerais,Deputado Federal eleito,MDB,,,id1617603285020017,07/10/2018,-,
210,Igor Tarciano Timo,Estadual,Minas Gerais,Deputado Federal eleito,PODE,oficialigortimo,,id,07/10/2018,-,981604712238780432
211,João Carlos Siqueira,Estadual,Minas Gerais,Deputado Federal eleito,PT,dep_padrejoao,,id179856875529257,07/10/2018,-,113885149
212,José Leonardo Costa Monteiro,Estadual,Minas Gerais,Deputado Federal eleito,PT,depleomonteiro,,id116801535089439,07/10/2018,-,129837652
213,José Silva Soares,Estadual,Minas Gerais,Deputado Federal eleito,SOLIDARIEDADE,zesilva_,,id223832637675564,07/10/2018,-,57719474
214,Jose Vitor De Resende Aguiar,Estadual,Minas Gerais,Deputado Federal eleito,PMN,,,id,07/10/2018,-,
215,Julio Cesar Delgado,Estadual,Minas Gerais,Deputado Federal eleito,PSB,depjuliodelgado,,id128747130644889,07/10/2018,-,111734703
216,Lafayette Luiz Doorgal De Andrada,Estadual,Minas Gerais,Deputado Federal eleito,PRB,dep_lafayette,,id154453614722972,07/10/2018,-,58880411
217,Lincoln Diniz Portela,Estadual,Minas Gerais,Deputado Federal eleito,Estado do Paraná,lincoln_portela,,id410655005626777,07/10/2018,-,57704164
218,Lucas De Vasconcelos Gonzalez,Estadual,Minas Gerais,Deputado Federal eleito,NOVO,lucasvgonzalez,,id537393773101072,07/10/2018,-,948546628692205568
219,Luis Henrique De Oliveira Resende,Estadual,Minas Gerais,Deputado Federal eleito,AVANTE,luistibeoficial,,id1526286600948051,07/10/2018,-,80307396
220,Luiz Gonzaga Ribeiro,Estadual,Minas Gerais,Deputado Federal eleito,PDT,subgonzagamg,,id446410602056683,07/10/2018,-,59868993
221,Marcelo Eduardo Freitas,Estadual,Minas Gerais,Deputado Federal eleito,PSL,,,id757066351146555,07/10/2018,-,
222,Marcelo Guilherme De Aro Ferreira,Estadual,Minas Gerais,Deputado Federal eleito,PHS,marceloaro,,id115558161921629,07/10/2018,-,63510130
223,Marcelo Henrique Teixeira Dias,Estadual,Minas Gerais,Deputado Federal eleito,PSL,marceloalvaroan,,id931215210253332,07/10/2018,-,261007129
224,Maria Margarida Martins Salomão,Estadual,Minas Gerais,Deputado Federal eleito,PT,jfmargarida,,id282770348496898,07/10/2018,-,626725650
225,Mário Lúcio Heringer,Estadual,Minas Gerais,Deputado Federal eleito,PDT,mario_heringer,,id611112112239401,07/10/2018,-,42890833
226,Mauro Ribeiro Lopes,Estadual,Minas Gerais,Deputado Federal eleito,MDB,depmaurolopes,,id194409937899344,07/10/2018,-,125406448
227,Misael Artur Ferreira Varella,Estadual,Minas Gerais,Deputado Federal eleito,PSD,lael_varella,,id420265928063107,07/10/2018,-,152990736
228,Newton Cardoso Júnior,Estadual,Minas Gerais,Deputado Federal eleito,MDB,newton1510,,id650863341637642,07/10/2018,-,2613918878
229,Odair José Da Cunha,Estadual,Minas Gerais,Deputado Federal eleito,PT,odaircunha_,,id201991609984528,07/10/2018,-,1028376918540906498
230,Olavo Bilac Pinto Neto,Estadual,Minas Gerais,Deputado Federal eleito,DEM,bilac_pinto,,id700540596632818,07/10/2018,-,176912622
231,Patrus Ananias De Souza,Estadual,Minas Gerais,Deputado Federal eleito,PT,patrus_ananias,,id604453922952420,07/10/2018,-,77210725
232,Paulo Abi-Ackel,Estadual,Minas Gerais,Deputado Federal eleito,PSDB,pauloabiackel,,id552636458116557,07/10/2018,-,41590536
233,Paulo José Carlos Guedes,Estadual,Minas Gerais,Deputado Federal eleito,PT,deppauloguedes,,id342300479170301,07/10/2018,-,50713061
234,Reginaldo Lazaro De Oliveira Lopes,Estadual,Minas Gerais,Deputado Federal eleito,PT,reginaldolopes,,id214354821918864,07/10/2018,-,50088692
235,Rodrigo Batista De Castro,Estadual,Minas Gerais,Deputado Federal eleito,PSDB,rodrigocastro45,,id124002814371381,07/10/2018,-,90478644
236,Rodrigo Otávio Soares Pacheco,Estadual,Minas Gerais,Senador eleito,DEM,rpsenador,,id486760188091704,07/10/2018,-,762786918086180864
237,Rogerio Correia De Moura Baptista,Estadual,Minas Gerais,Deputado Federal eleito,PT,rogeriocorreia_,,id286648849567,07/10/2018,-,245392082
238,Stefano Aguiar Dos Santos,Estadual,Minas Gerais,Deputado Federal eleito,PSD,depstefano,,id131244790380241,07/10/2018,-,263115457
239,Tiago Lima Mitraud De Castro Leite,Estadual,Minas Gerais,Deputado Federal eleito,NOVO,TiagoMitraud,,id193556557882741,07/10/2018,-,131517140
240,Vilson Luiz Da Silva,Estadual,Minas Gerais,Deputado Federal eleito,PSB,,,id569930423388523,07/10/2018,-,
241,Weliton Fernandes Prado,Estadual,Minas Gerais,Deputado Federal eleito,PROS,pradoweliton,,id193185607843864,07/10/2018,-,88434677
242,Airton Luiz Faleiro,Estadual,Pará,Deputado Federal eleito,PT,FaleiroAirton,,id247815045422756,07/10/2018,-,1037384667836637185
243,Cássio Coelho Andrade,Estadual,Pará,Deputado Federal eleito,PSB,Cassio_4011,,id689828201071604,07/10/2018,-,96991211
244,Celso Sabino De Oliveira,Estadual,Pará,Deputado Federal eleito,PSDB,celso_sabino,,id451890981576627,07/10/2018,-,86816235
245,Cristiano Dutra Vale,Estadual,Pará,Deputado Federal eleito,Estado do Paraná,,,id239803006861332,07/10/2018,-,
246,Éder Mauro Cardoso Barra,Estadual,Pará,Deputado Federal eleito,PSD,edermauropa,,id388811064617464,07/10/2018,-,2632802395
247,Edmilson Brito Rodrigues,Estadual,Pará,Deputado Federal eleito,PSOL,edmilsonpsol,,id267683643272117,07/10/2018,-,183634894
248,Elcione Therezinha Zahluth Barbalho,Estadual,Pará,Deputado Federal eleito,MDB,,,id199910936714918,07/10/2018,-,
249,Hélio Leite Da Silva,Estadual,Pará,Deputado Federal eleito,DEM,h_leite,,id582396228542027,07/10/2018,-,136610321
250,Jader Fontenelle Barbalho,Estadual,Pará,Senador eleito,MDB,jader_barbalho,,id133602516654912,07/10/2018,-,58578276
251,João Ferrari Junior,Estadual,Pará,Deputado Federal eleito,PSD,,,id842245655790289,07/10/2018,-,
252,Joaquim Passarinho Pinto De Souza Porto,Estadual,Pará,Deputado Federal eleito,PSD,joaquimpassarin,,id581146131947481,07/10/2018,-,113354511
253,José Benito Priante Junior,Estadual,Pará,Deputado Federal eleito,MDB,priante,,id377987085597403,07/10/2018,-,3305760711
254,José Da Cruz Marinho,Estadual,Pará,Senador eleito,PSC,zequinhamarynho,,id2061816164089186,07/10/2018,-,960921839320039430
255,Jose Eduardo Pereira Da Costa,Estadual,Pará,Deputado Federal eleito,PTB,dep_eduardo,,id720711267981848,07/10/2018,-,124330300
256,Jose Roberto Oliveira Faro,Estadual,Pará,Deputado Federal eleito,PT,betofaropt,,id1436403659922521,07/10/2018,-,988250780
257,Nilson Pinto De Oliveira,Estadual,Pará,Deputado Federal eleito,PSDB,depnilsonpinto,,id354764524584734,07/10/2018,-,57216871
258,Olival Henrique Marques De Souza,Estadual,Pará,Deputado Federal eleito,DEM,olivalmarques,,id235062426703649,07/10/2018,-,330327470
259,Paulo Eduardo Maestri Bengtson,Estadual,Pará,Deputado Federal eleito,PTB,,,id476482176114272,07/10/2018,-,
260,Wagner Bach Martins,Estadual,Pará,Deputado Federal eleito,PRB,vavamartins10,,id774643415950130,07/10/2018,-,848948215298879492
261,Aguinaldo Velloso Borges Ribeiro,Estadual,Paraíba,Deputado Federal eleito,PP,depaguinaldo11,,id1856690847884992,07/10/2018,-,930169595238998016
262,Antonio Ribeiro,Estadual,Paraíba,Deputado Federal eleito,PT,,,id730889380623744,07/10/2018,-,
263,Damião Feliciano Da Silva,Estadual,Paraíba,Deputado Federal eleito,PDT,,,id107421552961237,07/10/2018,-,
264,Daniella Velloso Borges Ribeiro,Estadual,Paraíba,Senador eleito,PP,,,id119203011556937,07/10/2018,-,
265,Ednace Alves Silvestre Henrique,Estadual,Paraíba,Deputado Federal eleito,PSDB,,,id207736499757938,07/10/2018,-,
266,Efraim De Araujo Morais Filho,Estadual,Paraíba,Deputado Federal eleito,DEM,efraimfilho,,id810714015625617,07/10/2018,-,18957078
267,Gervásio Agripino Maia,Estadual,Paraíba,Deputado Federal eleito,PSB,gervasiomaia,,id514558765355005,07/10/2018,-,52854149
268,Gulliem Charles Bezerra Lemos,Estadual,Paraíba,Deputado Federal eleito,PSL,julianlemosopb1,,id922891834420704,07/10/2018,-,903004267463806993
269,Hugo Motta Wanderley Da Nóbrega,Estadual,Paraíba,Deputado Federal eleito,PRB,,,id457745987599981,07/10/2018,-,
270,José Wellington Roberto,Estadual,Paraíba,Deputado Federal eleito,Estado do Paraná,wr22,,id335379036616986,07/10/2018,-,105766863
271,José Wilson Santiago,Estadual,Paraíba,Deputado Federal eleito,PTB,wilsonsantiago_,,id589572847728892,07/10/2018,-,119134919
272,Pedro Oliveira Cunha Lima,Estadual,Paraíba,Deputado Federal eleito,PSDB,pedroocl,,id744196388945576,07/10/2018,-,77044204
273,Ruy Manuel Carneiro Barbosa De Aça Belchior,Estadual,Paraíba,Deputado Federal eleito,PSDB,depruycarneiro,,id338878382824931,07/10/2018,-,94428241
274,Veneziano Vital Do Rêgo Segundo Neto,Estadual,Paraíba,Senador eleito,PSB,venezianovital,,id424808937641023,07/10/2018,-,56734024
275,Aliel Machado Bark,Estadual,Paraná,Deputado Federal eleito,PSB,alielmachado,,id201044363357878,07/10/2018,-,115519533
276,Aline Sleutjes,Estadual,Paraná,Deputado Federal eleito,PSL,,,id705334576185564,07/10/2018,-,
277,Antonio Wandscheer,Estadual,Paraná,Deputado Federal eleito,PROS,deputadotoninho,,id301814029885718,07/10/2018,-,166417133
278,Christiane De Souza Yared,Estadual,Paraná,Deputado Federal eleito,Estado do Paraná,christianeyared,,id1517659225184185,07/10/2018,-,2708308806
279,Diego Alexsander Gonçalo Paula Garcia,Estadual,Paraná,Deputado Federal eleito,PODE,diegogarciapr,,id314213892042373,07/10/2018,-,273616279
280,Emerson Miguel Petriv,Estadual,Paraná,Deputado Federal eleito,PROS,,,id,07/10/2018,-,
281,Enio José Verri,Estadual,Paraná,Deputado Federal eleito,PT,enioverri,,id156499414480143,07/10/2018,-,81088939
282,Fernando Lucio Giacobo,Estadual,Paraná,Deputado Federal eleito,Estado do Paraná,fernandogiacobo,,id1576158645984847,07/10/2018,-,59467117
283,Filipe Barros Baptista De Toledo Ribeiro,Estadual,Paraná,Deputado Federal eleito,PSL,filipebarrost,,id239800806402562,07/10/2018,-,225925013
284,Flavio Jose Arns,Estadual,Paraná,Senador eleito,REDE,senadorflavio,,id1720125068073321,07/10/2018,-,76007804
285,Gilson Cardoso Fahur,Estadual,Paraná,Deputado Federal eleito,PSD,sargentofahur,,id904831756306971,07/10/2018,-,255300173
286,Gleisi Helena Hoffmann,Estadual,Paraná,Deputado Federal eleito,PT,gleisi,,id136344939876101,07/10/2018,-,31139434
287,Gustavo Bonato Fruet,Estadual,Paraná,Deputado Federal eleito,PDT,gustavofruet,,id214730151901124,07/10/2018,-,33642328
288,Hermes Parcianello,Estadual,Paraná,Deputado Federal eleito,MDB,,,id346130422386120,07/10/2018,-,
289,Jose Aroldo Souza Martins,Estadual,Paraná,Deputado Federal eleito,PRB,aroldomartins,,id261967070500676,07/10/2018,-,49937154
290,Jose Carlos Becker De Oliveira E Silva,Estadual,Paraná,Deputado Federal eleito,PT,zeca_dirceu,,id220778897969256,07/10/2018,-,47461491
291,Jose Carlos Schiavinato,Estadual,Paraná,Deputado Federal eleito,PP,schiavinato_,,id825435330823531,07/10/2018,-,172009990
292,Leandre Dal Ponte,Estadual,Paraná,Deputado Federal eleito,PV,leandredaideal,,id385165124939643,07/10/2018,-,2717921706
293,Luciano Ducci,Estadual,Paraná,Deputado Federal eleito,PSB,lucianoducci,,id409540602424777,07/10/2018,-,136004062
294,Luis Felipe Bonatto Francischini,Estadual,Paraná,Deputado Federal eleito,PSL,ffrancischini_,,id299601453506451,07/10/2018,-,290475286
295,Luisa Dos Santos Silveira,Estadual,Paraná,Deputado Federal eleito,PTB,canzianialex,,id399652257173565,07/10/2018,-,57641073
296,Luiz Goularte Alves,Estadual,Paraná,Deputado Federal eleito,PRB,,,id352566814808427,07/10/2018,-,
297,Luiz Hiloshi Nishimori,Estadual,Paraná,Deputado Federal eleito,Estado do Paraná,luiznishimori,,id660410357307599,07/10/2018,-,77201350
298,Nelsi Coguetto Maria,Estadual,Paraná,Deputado Federal eleito,PSD,,,id257661164401899,07/10/2018,-,
299,Ney Leprevost Neto,Estadual,Paraná,Deputado Federal eleito,PSD,neyleprevost,,id128327663956877,07/10/2018,-,53163365
300,Oriovisto Guimaraes,Estadual,Paraná,Senador eleito,PODE,,,id2078856135695787,07/10/2018,-,
301,Paulo Eduardo Lima Martins,Estadual,Paraná,Deputado Federal eleito,PSC,paulomartins10,,id766832426669323,07/10/2018,-,36714942
302,Pedro Deboni Lupion Mello,Estadual,Paraná,Deputado Federal eleito,DEM,dep_pedrolupion,,id600910850022315,07/10/2018,-,15022409
303,Ricardo Jose Magalhães Barros,Estadual,Paraná,Deputado Federal eleito,PP,ricardobarrospp,,id800038830018182,07/10/2018,-,50101324
304,Rubens Bueno,Estadual,Paraná,Deputado Federal eleito,PPS,rubensbuenopps,,id549765801726215,07/10/2018,-,43260429
305,Sandro Alex Cruz De Oliveira,Estadual,Paraná,Deputado Federal eleito,PSD,sandroalex5555,,id221883301230197,07/10/2018,-,160554168
306,Sergio De Souza,Estadual,Paraná,Deputado Federal eleito,MDB,_sergiosouza,,id533495260042236,07/10/2018,-,317973567
307,Andre Carlos Alves De Paula Filho,Estadual,Pernambuco,Deputado Federal eleito,PSD,,,id170967903096207,07/10/2018,-,
308,Andre Ferreira Rodrigues,Estadual,Pernambuco,Deputado Federal eleito,PSC,,,id345425238826528,07/10/2018,-,
309,Augusto Rodrigues Coutinho De Melo,Estadual,Pernambuco,Deputado Federal eleito,SOLIDARIEDADE,augustocmelo,,id659203737425877,07/10/2018,-,56480030
310,Daniel Pires Coelho,Estadual,Pernambuco,Deputado Federal eleito,PPS,danielcoelho23,,id142142725852014,07/10/2018,-,44499500
311,Danilo Jorge De Barros Cabral,Estadual,Pernambuco,Deputado Federal eleito,PSB,danilocabral__,,id297853750374882,07/10/2018,-,712446730856505345
312,Eduardo Henrique Da Fonte De Albuquerque Silva,Estadual,Pernambuco,Deputado Federal eleito,PP,eduardodafonte,,id194138040740933,07/10/2018,-,36540166
313,Felipe Augusto Lyra Carreras,Estadual,Pernambuco,Deputado Federal eleito,PSB,felipecarreras,,id685135528216748,07/10/2018,-,122184686
314,Fernando Bezerra De Souza Coelho Filho,Estadual,Pernambuco,Deputado Federal eleito,DEM,fbcfilho,,id642849045735037,07/10/2018,-,59323812
315,Fernando Monteiro De Albuquerque,Estadual,Pernambuco,Deputado Federal eleito,PP,,,id617414551660433,07/10/2018,-,
316,Fernando Rodolfo Tenorio De Vasconcelos,Estadual,Pernambuco,Deputado Federal eleito,PHS,,,id458071071234028,07/10/2018,-,
317,Francisco Eurico Da Silva,Estadual,Pernambuco,Deputado Federal eleito,PATRI,,,id203543366481082,07/10/2018,-,
318,Francisco Tadeu Barbosa De Alencar,Estadual,Pernambuco,Deputado Federal eleito,PSB,,,id1494712497406878,07/10/2018,-,
319,Humberto Sérgio Costa Lima,Estadual,Pernambuco,Senador eleito,PT,senadorhumberto,,id174217422747805,07/10/2018,-,76049312
320,Jarbas De Andrade Vasconcelos,Estadual,Pernambuco,Senador eleito,MDB,,,id244015588958951,07/10/2018,-,
321,João Henrique De Andrade Lima Campos,Estadual,Pernambuco,Deputado Federal eleito,PSB,,,id354452078324576,07/10/2018,-,
322,José Carlos Veras Dos Santos,Estadual,Pernambuco,Deputado Federal eleito,PT,carlosveras1314,,id1786634154947205,07/10/2018,-,3010698441
323,Luciano Caldas Bivar,Estadual,Pernambuco,Deputado Federal eleito,PSL,bivar1717,,id1936584456566504,07/10/2018,-,2548083266
324,Luiz Gonzaga Patriota,Estadual,Pernambuco,Deputado Federal eleito,PSB,,,id258656010969084,07/10/2018,-,
325,Marília Valença Rocha Arraes De Alencar,Estadual,Pernambuco,Deputado Federal eleito,PT,mariliaarraes,,id268217989858817,07/10/2018,-,90309661
326,Ossesio Jose Da Silva,Estadual,Pernambuco,Deputado Federal eleito,PRB,ossesio_silva,,id1423302547943644,07/10/2018,-,105435907
327,Raul Jean Louis Henry Junior,Estadual,Pernambuco,Deputado Federal eleito,MDB,raulhenry,,id228058993888678,07/10/2018,-,14095467
328,Renildo Vasconcelos Calheiros,Estadual,Pernambuco,Deputado Federal eleito,PC do B,renildo,,id398858610176824,07/10/2018,-,14160928
329,Ricardo Teobaldo Cavalcanti,Estadual,Pernambuco,Deputado Federal eleito,PODE,psdbricardo45,,id1499477190264031,07/10/2018,-,714886848
330,Sebastião Ignacio De Oliveira Junior,Estadual,Pernambuco,Deputado Federal eleito,Estado do Paraná,sebastiao_os,,id327809493986518,07/10/2018,-,2433556256
331,Silvio Serafim Costa Filho,Estadual,Pernambuco,Deputado Federal eleito,PRB,silvio_cfilho,,id140347022821700,07/10/2018,-,115657305
332,Túlio Gadelha Sales De Melo,Estadual,Pernambuco,Deputado Federal eleito,PDT,tuliogadelha,,id288353518218458,07/10/2018,-,71456987
333,Wolney Queiroz Maciel,Estadual,Pernambuco,Deputado Federal eleito,PDT,wolneyqueirozm,,id200496276973701,07/10/2018,-,92341904
334,Átila Freitas Lira,Estadual,Piauí,Deputado Federal eleito,PSB,deputadoatila,,id457829930992678,07/10/2018,-,2196797885
335,Ciro Nogueira Lima Filho,Estadual,Piauí,Senador eleito,PP,ciro_nogueira,,id274527822566791,07/10/2018,-,67098726
336,Fábio Abreu Costa,Estadual,Piauí,Deputado Federal eleito,Estado do Paraná,depfabioabreu,,id754507077922852,07/10/2018,-,1024385363928932352
337,Flavio Rodrigues Nogueira,Estadual,Piauí,Deputado Federal eleito,PDT,,,id775240779164982,07/10/2018,-,
338,Francisco De Assis Carvalho Gonçalves,Estadual,Piauí,Deputado Federal eleito,PT,assis_carvalho,,id195774537238903,07/10/2018,-,93881939
339,Iracema Maria Portella Nunes Nogueira Lima,Estadual,Piauí,Deputado Federal eleito,PP,iracemaportela,,id144619715634355,07/10/2018,-,90240751
340,Julio Cesar De Carvalho Lima,Estadual,Piauí,Deputado Federal eleito,PSD,,,id632328833469006,07/10/2018,-,
341,Marcelo Costa E Castro,Estadual,Piauí,Senador eleito,MDB,marcelocastropi,,id294607987354763,07/10/2018,-,125822264
342,Marcos Aurelio Padua Ribeiro Gonçalves De Sampaio,Estadual,Piauí,Deputado Federal eleito,MDB,,,id1801195713329254,07/10/2018,-,
343,Margarete De Castro Coelho,Estadual,Piauí,Deputado Federal eleito,PP,margaretcoelho,,id1389530231308188,07/10/2018,-,163975944
344,Marina Santos Batista Dias,Estadual,Piauí,Deputado Federal eleito,PTC,,,id197969200917697,07/10/2018,-,
345,Rejane Ribeiro Sousa Dias,Estadual,Piauí,Deputado Federal eleito,PT,rejane_dias,,id228793677312107,07/10/2018,-,142298842
346,Alessandro Lucciola Molon,Estadual,Rio de Janeiro,Deputado Federal eleito,PSB,alessandromolon,,id271075406319289,07/10/2018,-,45953391
347,Alexandre Augustus Serfiotis,Estadual,Rio de Janeiro,Deputado Federal eleito,PSD,aleserfiotis,,id539267906164443,07/10/2018,-,2613514056
348,Altineu Cortes Freitas Coutinho,Estadual,Rio de Janeiro,Deputado Federal eleito,Estado do Paraná,altineu,,id494760090676746,07/10/2018,-,47991805
349,Antônio Da Luz Furtado,Estadual,Rio de Janeiro,Deputado Federal eleito,PSL,,,id727938674013176,07/10/2018,-,
350,Arolde De Oliveira,Estadual,Rio de Janeiro,Senador eleito,PSD,aroldeoliveira,,id118527194965589,07/10/2018,-,22927142
351,Aureo Lidio Moreira Ribeiro,Estadual,Rio de Janeiro,Deputado Federal eleito,SOLIDARIEDADE,,,id187682584611376,07/10/2018,-,
352,Benedita Souza Da Silva Sampaio,Estadual,Rio de Janeiro,Deputado Federal eleito,PT,dasilvabenedita,,id,07/10/2018,-,75060031
353,Carlos Roberto Coelho De Mattos Júnior,Estadual,Rio de Janeiro,Deputado Federal eleito,PSL,carlosjordy,,id522126697963113,07/10/2018,-,82271629
354,Christine Nogueira Dos Reis Tonietto,Estadual,Rio de Janeiro,Deputado Federal eleito,PSL,,,id1719701718110409,07/10/2018,-,
355,Christino Áureo Da Silva,Estadual,Rio de Janeiro,Deputado Federal eleito,PP,christinoaureo,,id933754649994946,07/10/2018,-,63217728
356,Clarissa Garotinho Barros Assed Matheus De Oliveira,Estadual,Rio de Janeiro,Deputado Federal eleito,PROS,dep_clarissa,,id381544615216928,07/10/2018,-,23790057
357,Daniel Lucio Da Silveira,Estadual,Rio de Janeiro,Deputado Federal eleito,PSL,danielpmerj,,id1233730513413646,07/10/2018,-,912492779669999616
358,Daniela Mote De Souza Carneiro,Estadual,Rio de Janeiro,Deputado Federal eleito,MDB,danielawaguinho,,id300746857005170,07/10/2018,-,869919798767091712
359,Fabiana Silva De Souza,Estadual,Rio de Janeiro,Deputado Federal eleito,PSL,majorfabiana46,,id655681851469144,07/10/2018,-,1035268511055196160
360,Felício Laterça De Almeida,Estadual,Rio de Janeiro,Deputado Federal eleito,PSL,,,id267243340701984,07/10/2018,-,
361,Flávio Nantes Bolsonaro,Estadual,Rio de Janeiro,Senador eleito,PSL,flaviobolsonaro,,id156951837773645,07/10/2018,-,40053694
362,Flordelis Dos Santos De Souza,Estadual,Rio de Janeiro,Deputado Federal eleito,PSD,Flordelismk,,id411572872310624,07/10/2018,-,176481688
363,Francisco Jose D'Angelo Pinto,Estadual,Rio de Janeiro,Deputado Federal eleito,PDT,chico_dangelo,,id599650263486865,07/10/2018,-,156372899
364,Gelson De Azevedo Almeida,Estadual,Rio de Janeiro,Deputado Federal eleito,PHS,,,id634950393544138,07/10/2018,-,
365,Glauber De Medeiros Braga,Estadual,Rio de Janeiro,Deputado Federal eleito,PSOL,glauber_braga,,id158198544337175,07/10/2018,-,65720380
366,Gutemberg Reis De Oliveira,Estadual,Rio de Janeiro,Deputado Federal eleito,MDB,guth_reis,,id252586015156597,07/10/2018,-,987482475071930369
367,Helio Fernando Barbosa Lopes,Estadual,Rio de Janeiro,Deputado Federal eleito,PSL,,,id517712008679531,07/10/2018,-,
368,Hugo Leal Melo Da Silva,Estadual,Rio de Janeiro,Deputado Federal eleito,PSD,dephugoleal,,id467555009943362,07/10/2018,-,57771926
369,Jandira Feghali,Estadual,Rio de Janeiro,Deputado Federal eleito,PC do B,jandira_feghali,,id208153919219278,07/10/2018,-,39116717
370,Jean Wyllys De Matos Santos,Estadual,Rio de Janeiro,Deputado Federal eleito,PSOL,jeanwyllys_real,,id163566147024734,07/10/2018,-,111123176
371,João Carlos Soares Gurgel,Estadual,Rio de Janeiro,Deputado Federal eleito,PSL,gurgelsoares,,id262677440504362,07/10/2018,-,245320150
372,João Francisco Inácio Brazão,Estadual,Rio de Janeiro,Deputado Federal eleito,AVANTE,brazaochiquinho,,id564150546986457,07/10/2018,-,3385140125
373,Joziel Ferreira Carlos,Estadual,Rio de Janeiro,Deputado Federal eleito,PSL,,,id894000897416455,07/10/2018,-,
374,Lourival Gomes De Almeida,Estadual,Rio de Janeiro,Deputado Federal eleito,PSL,,,id166734243873930,07/10/2018,-,
375,Luiz Antonio Da Costa Carvalho Correa Da Silva,Estadual,Rio de Janeiro,Deputado Federal eleito,DC,,,id461990540812267,07/10/2018,-,
376,Luiz Antonio De Souza Teixeira Júnior,Estadual,Rio de Janeiro,Deputado Federal eleito,PP,,,id153186802182309,07/10/2018,-,
377,Luiz Eduardo Carneiro Da Silva De Souza Lima,Estadual,Rio de Janeiro,Deputado Federal eleito,PSL,oficialluizlima,,id1827699960809554,07/10/2018,-,966061552943222785
378,Marcelo Calero Faria Garcia,Estadual,Rio de Janeiro,Deputado Federal eleito,PPS,caleromarcelo,,id1021233484565650,07/10/2018,-,47835702
379,Marcelo Ribeiro Freixo,Estadual,Rio de Janeiro,Deputado Federal eleito,PSOL,marcelofreixo,,id128416167198648,07/10/2018,-,45870897
380,Márcio Da Silveira Labre,Estadual,Rio de Janeiro,Deputado Federal eleito,PSL,marciolabre,,id461487867568300,07/10/2018,-,2401917402
381,Otoni Moura De Paulo Junior,Estadual,Rio de Janeiro,Deputado Federal eleito,PSC,OtoniDepFederal,,id190411254444841,07/10/2018,-,330770436
382,Paulo Gustavo Ganime Alves Teixeira,Estadual,Rio de Janeiro,Deputado Federal eleito,NOVO,pauloganime,,id122316191701353,07/10/2018,-,25537494
383,Paulo Sergio Ramos Barboza,Estadual,Rio de Janeiro,Deputado Federal eleito,PDT,pauloramosdep,,id,07/10/2018,-,834125429153882112
384,Pedro Paulo Carvalho Teixeira,Estadual,Rio de Janeiro,Deputado Federal eleito,DEM,pedropaulo,,id249383531739005,07/10/2018,-,43189774
385,Rodrigo Felinto Ibarra Epitácio Maia,Estadual,Rio de Janeiro,Deputado Federal eleito,DEM,rodrigomaia,,id194263324017292,07/10/2018,-,35260027
386,Rogerio Teixeira Junior,Estadual,Rio de Janeiro,Deputado Federal eleito,DEM,juninhodopneu,,id600557210105330,07/10/2018,-,763748507853459456
387,Rosangela De Souza Gomes,Estadual,Rio de Janeiro,Deputado Federal eleito,PRB,rosangelasgomes,,id824390270907057,07/10/2018,-,155586850
388,Soraya Alencar Dos Santos,Estadual,Rio de Janeiro,Deputado Federal eleito,Estado do Paraná,sorayasantos,,id302189129958774,07/10/2018,-,4052741685
389,Sóstenes Silva Cavalcante,Estadual,Rio de Janeiro,Deputado Federal eleito,DEM,depsostenes,,id175865939276344,07/10/2018,-,298308683
390,Taliria Petrone Soares,Estadual,Rio de Janeiro,Deputado Federal eleito,PSOL,taliriapetrone,,id765667336867771,07/10/2018,-,103704608
391,Vinicius Medeiros Farah,Estadual,Rio de Janeiro,Deputado Federal eleito,MDB,vinicius_farah,,id569212716487683,07/10/2018,-,308685714
392,Wagner Montes Dos Santos,Estadual,Rio de Janeiro,Deputado Federal eleito,PRB,depwagnermontes,,id165876130166346,07/10/2018,-,64801214
393,Wladimir Barros Assed Matheus De Oliveira,Estadual,Rio de Janeiro,Deputado Federal eleito,PRP,,,id289873757814160,07/10/2018,-,
394,Eann Styvenson Valentim Mendes,Estadual,Rio Grande do Norte,Senador eleito,REDE,,,id729392980520143,07/10/2018,-,
395,Elieser Girao Monteiro Filho,Estadual,Rio Grande do Norte,Deputado Federal eleito,PSL,generalgirao,,id588520408170543,07/10/2018,-,841700087143288832
396,Fábio Salustino Mesquita De Faria,Estadual,Rio Grande do Norte,Deputado Federal eleito,PSD,fabiofaria5555,,id224408284297413,07/10/2018,-,51827346
397,Fernando Wanderley Vargas Da Silva,Estadual,Rio Grande do Norte,Deputado Federal eleito,PT,,,id326589317375630,07/10/2018,-,
398,João Da Silva Maia,Estadual,Rio Grande do Norte,Deputado Federal eleito,Estado do Paraná,depjoaomaia,,id363291450835796,07/10/2018,-,56097072
399,Luiz Benes Leocadio De Araujo,Estadual,Rio Grande do Norte,Deputado Federal eleito,PTC,,,id441909642926570,07/10/2018,-,
400,Natalia Bastos Bonavides,Estadual,Rio Grande do Norte,Deputado Federal eleito,PT,natbonavides,,id301106093563904,07/10/2018,-,203332874
401,Rafael Huete Da Motta,Estadual,Rio Grande do Norte,Deputado Federal eleito,PSB,,,id151576364966353,07/10/2018,-,
402,Walter Pereira Alves,Estadual,Rio Grande do Norte,Deputado Federal eleito,MDB,walteralvesrn,,id283589601755460,07/10/2018,-,121425571
403,Zenaide Maia Calado Pereira Dos Santos,Estadual,Rio Grande do Norte,Senador eleito,PHS,zenaidern,,id1463458067229810,07/10/2018,-,1025870063461720064
404,Afonso Antunes Da Motta,Estadual,Rio Grande do Sul,Deputado Federal eleito,PDT,afonso_motta,,id621644487915715,07/10/2018,-,108736394
405,Alceu Moreira Da Silva,Estadual,Rio Grande do Sul,Deputado Federal eleito,MDB,alceu_moreira,,id394517827279852,07/10/2018,-,111045942
406,Alcibio Mesquita Bibo Nunes,Estadual,Rio Grande do Sul,Deputado Federal eleito,PSL,,,id387146431355916,07/10/2018,-,
407,Antonio Carlos Gomes Da Silva,Estadual,Rio Grande do Sul,Deputado Federal eleito,PRB,carlosgomesdep,,id212265828905225,07/10/2018,-,1546427636
408,Daniel Trzeciak Duarte,Estadual,Rio Grande do Sul,Deputado Federal eleito,PSDB,trzeciakdaniel,,id,07/10/2018,-,97587760
409,Danrlei De Deus Hinterholz,Estadual,Rio Grande do Sul,Deputado Federal eleito,PSD,,,id128207973912311,07/10/2018,-,
410,Darci Pompeo De Mattos,Estadual,Rio Grande do Sul,Deputado Federal eleito,PDT,pompeodemattos,,id265934193465106,07/10/2018,-,37320286
411,Dionilso Mateus Marcon,Estadual,Rio Grande do Sul,Deputado Federal eleito,PT,depmarcon,,id273904116113950,07/10/2018,-,115676753
412,Elvino José Bohn Gass,Estadual,Rio Grande do Sul,Deputado Federal eleito,PT,bohngass,,id217423271714827,07/10/2018,-,63127680
413,Fernanda Melchionna E Silva,Estadual,Rio Grande do Sul,Deputado Federal eleito,PSOL,fernandapsol,,id241140532664404,07/10/2018,-,57044549
414,Giovani Batista Feltes,Estadual,Rio Grande do Sul,Deputado Federal eleito,MDB,giovanifeltes,,id1475165656048670,07/10/2018,-,334238048
415,Giovani Cherini,Estadual,Rio Grande do Sul,Deputado Federal eleito,Estado do Paraná,giovanicherini,,id552483638152177,07/10/2018,-,81617497
416,Heitor José Schuch,Estadual,Rio Grande do Sul,Deputado Federal eleito,PSB,heitorschuch,,id212423668965384,07/10/2018,-,362474640
417,Henrique Fontana Júnior,Estadual,Rio Grande do Sul,Deputado Federal eleito,PT,henriquefontana,,id261788690587714,07/10/2018,-,62804559
418,Jerônimo Pizzolotto Goergen,Estadual,Rio Grande do Sul,Deputado Federal eleito,PP,jeronimogoergen,,id143212705692959,07/10/2018,-,54678650
419,José Alfonso Ebert Hamm,Estadual,Rio Grande do Sul,Deputado Federal eleito,PP,depafonsohamm,,id208610802492299,07/10/2018,-,76741399
420,Liziane Bayer Da Costa,Estadual,Rio Grande do Sul,Deputado Federal eleito,PSB,lizianebayer,,id374498339306404,07/10/2018,-,3021326308
421,Lucas Bello Redecker,Estadual,Rio Grande do Sul,Deputado Federal eleito,PSDB,lucasredecker,,id404413673009300,07/10/2018,-,92739280
422,Luis Antonio Franciscatto Covatti,Estadual,Rio Grande do Sul,Deputado Federal eleito,PP,covattifilho,,id250817031788413,07/10/2018,-,60994156
423,Luis Carlos Heinze,Estadual,Rio Grande do Sul,Senador eleito,PP,SenadorHeinze,,id355458947869655,07/10/2018,-,57648137
424,Marcel Van Hattem,Estadual,Rio Grande do Sul,Deputado Federal eleito,NOVO,marcelvanhattem,,id186189258069658,07/10/2018,-,21069302
425,Marcelo Pires Moraes,Estadual,Rio Grande do Sul,Deputado Federal eleito,PTB,,,id1888377008077139,07/10/2018,-,
426,Marcio Della Valle Biolchi,Estadual,Rio Grande do Sul,Deputado Federal eleito,MDB,marciobiolchi,,id381673395176233,07/10/2018,-,74520134
427,Maria Do Rosário Nunes,Estadual,Rio Grande do Sul,Deputado Federal eleito,PT,mariadorosario,,id154111111330577,07/10/2018,-,63118359
428,Marlon Arator Santos Da Rosa,Estadual,Rio Grande do Sul,Deputado Federal eleito,PDT,deputado_marlon,,id1909791885961077,07/10/2018,-,284596798
429,Maurício Alexandre Dziedricki,Estadual,Rio Grande do Sul,Deputado Federal eleito,PTB,mauricioptbrs,,id165928197166177,07/10/2018,-,82776436
430,Nereu Crispim,Estadual,Rio Grande do Sul,Deputado Federal eleito,PSL,nereucrispim,,id281213435750740,07/10/2018,-,984535500110393344
431,Onyx Dornelles Lorenzoni,Estadual,Rio Grande do Sul,Deputado Federal eleito,DEM,onyxlorenzoni,,id263899720309064,07/10/2018,-,43041690
432,Osmar Gasparini Terra,Estadual,Rio Grande do Sul,Deputado Federal eleito,MDB,osmarterra,,id512203465555033,07/10/2018,-,52722451
433,Paulo Renato Paim,Estadual,Rio Grande do Sul,Senador eleito,PT,paulopaim,,id364042537032048,07/10/2018,-,37122131
434,Paulo Roberto Severo Pimenta,Estadual,Rio Grande do Sul,Deputado Federal eleito,PT,deputadofederal,,id254476531311977,07/10/2018,-,22864100
435,Pedro Bandarra Westphalen,Estadual,Rio Grande do Sul,Deputado Federal eleito,PP,pedrowestphalen,,id562261883915545,07/10/2018,-,23239275
436,Ubiratan Antunes Sanderson,Estadual,Rio Grande do Sul,Deputado Federal eleito,PSL,sandersonpf,,id199184673968117,07/10/2018,-,2767167039
437,Antonio Carlos Nicoletti,Estadual,Roraima,Deputado Federal eleito,PSL,,,id655325108158382,07/10/2018,-,
438,Antônio Mecias Pereira De Jesus,Estadual,Roraima,Senador eleito,PRB,meciasdejesus,,id264298597018120,07/10/2018,-,115699416
439,Confucio Aires Moura,Estadual,Roraima,Senador eleito,MDB,confuciomoura,,id217874838224397,07/10/2018,-,59151531
440,Dirlaine Jaqueline Cassol,Estadual,Roraima,Deputado Federal eleito,PP,jqcassol,,id1420022301592431,07/10/2018,-,985573574466506753
441,Edio Vieira Lopes,Estadual,Roraima,Deputado Federal eleito,Estado do Paraná,ediolopes,,id381872468519171,07/10/2018,-,69049674
442,Expedito Gonçalves Ferreira Netto,Estadual,Roraima,Deputado Federal eleito,PSD,netto_expedito,,id1474031142828443,07/10/2018,-,2717313965
443,Francisco De Assis Rodrigues,Estadual,Roraima,Senador eleito,DEM,,,id194032184000941,07/10/2018,-,
444,Haroldo Alves Campos,Estadual,Roraima,Deputado Federal eleito,PSD,,,id2101610110080697,07/10/2018,-,
445,Hiran Manuel Gonçalves Da Silva,Estadual,Roraima,Deputado Federal eleito,PP,deputadohiran,,id1460558354166610,07/10/2018,-,3345837298
446,Joao Chrisóstomo De Moura,Estadual,Roraima,Deputado Federal eleito,PSL,,,id997522136945101,07/10/2018,-,
447,Joenia Batista De Carvalho,Estadual,Roraima,Deputado Federal eleito,REDE,,,id272526436678387,07/10/2018,-,
448,Johnathan Pereira De Jesus,Estadual,Roraima,Deputado Federal eleito,PRB,jhonatan_djesus,,id179868982071153,07/10/2018,-,177204213
449,Jose Otaci Barroso Do Nascimento,Estadual,Roraima,Deputado Federal eleito,SOLIDARIEDADE,,,id1781520078834523,07/10/2018,-,
450,Leonardo Barreto De Moraes,Estadual,Roraima,Deputado Federal eleito,PODE,dep_leomoraes,,id1011341455639868,07/10/2018,-,1198081352
451,Lucio Antonio Mosquini,Estadual,Roraima,Deputado Federal eleito,MDB,luciomosquini,,id448316011988466,07/10/2018,-,3996486033
452,Marcos Rogério Da Silva Brito,Estadual,Roraima,Senador eleito,DEM,marcosrogerio,,id374562535958862,07/10/2018,-,160895960
453,Mariana Fonseca Ribeiro Carvalho De Moraes,Estadual,Roraima,Deputado Federal eleito,PSDB,deputadamariana,,id632343536883223,07/10/2018,-,72556466
454,Mauro Nazif Rasul,Estadual,Roraima,Deputado Federal eleito,PSB,mauronazifrasul,,id571065382951964,07/10/2018,-,2209518019
455,Shéridan Estérfany Oliveira De Anchieta,Estadual,Roraima,Deputado Federal eleito,PSDB,depsheridan,,id529548870507145,07/10/2018,-,3012509787
456,Silvia Cristina Amancio Chagas,Estadual,Roraima,Deputado Federal eleito,PDT,,,id,07/10/2018,-,
457,Angela Regina Heinzen Amin Helou,Estadual,Santa Catarina,Deputado Federal eleito,PP,angelaamin11,,id291052834605299,07/10/2018,-,766624608338477056
458,Carlos Alberto Chiodini,Estadual,Santa Catarina,Deputado Federal eleito,MDB,carloschiodini,,id364253843645006,07/10/2018,-,76093489
459,Carmen Emilia Bonfá Zanotto,Estadual,Santa Catarina,Deputado Federal eleito,PPS,carmenzanotto,,id129795707218499,07/10/2018,-,109366586
460,Caroline Rodrigues De Toni,Estadual,Santa Catarina,Deputado Federal eleito,PSL,caroldetoni3,,id1041603412575627,07/10/2018,-,4566967516
461,Celso Maldaner,Estadual,Santa Catarina,Deputado Federal eleito,MDB,maldaner_celso,,id188872781277784,07/10/2018,-,2209064699
462,Daniel Costa De Freitas,Estadual,Santa Catarina,Deputado Federal eleito,PSL,,,id462290793781379,07/10/2018,-,
463,Darci De Matos,Estadual,Santa Catarina,Deputado Federal eleito,PSD,depdarcidematos,,id211015249060673,07/10/2018,-,80712669
464,Esperidião Amin Helou Filho,Estadual,Santa Catarina,Senador eleito,PP,esperidiaoamin_,,id332870466782583,07/10/2018,-,192658045
465,Fabio Luiz Schiochet Filho,Estadual,Santa Catarina,Deputado Federal eleito,PSL,,,id170603770285449,07/10/2018,-,
466,Geovania De Sa Rodrigues,Estadual,Santa Catarina,Deputado Federal eleito,PSDB,geovaniadesa,,id209760195874244,07/10/2018,-,165936805
467,Gilson Marques Vieira,Estadual,Santa Catarina,Deputado Federal eleito,NOVO,,,id1931989763744839,07/10/2018,-,
468,Hélio Francisco Da Costa,Estadual,Santa Catarina,Deputado Federal eleito,PRB,heliocosta15,,id248218548595070,07/10/2018,-,77740864
469,Jorginho Dos Santos Mello,Estadual,Santa Catarina,Senador eleito,Estado do Paraná,jorginhomello,,id425866030884565,07/10/2018,-,53073647
470,Luiz Armando Schroeder Reis,Estadual,Santa Catarina,Deputado Federal eleito,PSL,,,id158981268130749,07/10/2018,-,
471,Pedro Francisco Uczai,Estadual,Santa Catarina,Deputado Federal eleito,PT,uczai,,id155201831260401,07/10/2018,-,83722886
472,Ricardo Zanatta Guidi,Estadual,Santa Catarina,Deputado Federal eleito,PSD,ricardozguidi,,id328393683976480,07/10/2018,-,127975238
473,Rodrigo Coelho,Estadual,Santa Catarina,Deputado Federal eleito,PSB,,,id396026580517437,07/10/2018,-,
474,Rogerio Mendonça,Estadual,Santa Catarina,Deputado Federal eleito,MDB,deputadopeninha,,id608246322520640,07/10/2018,-,37665648
475,Adriana Miguel Ventura,Estadual,São Paulo,Deputado Federal eleito,NOVO,adrianasounovo,,id894546260714988,07/10/2018,-,955773266089607168
476,Adriano Eli Corrêa,Estadual,São Paulo,Deputado Federal eleito,DEM,assessoria2577,,id289932741037155,07/10/2018,-,169170611
477,Alencar Santana Braga,Estadual,São Paulo,Deputado Federal eleito,PT,alencarbraga13,,id227403640631475,07/10/2018,-,74243131
478,Alex Spinelli Manente,Estadual,São Paulo,Deputado Federal eleito,PPS,alexmanentepps,,id130558143745099,07/10/2018,-,78673777
479,Alexandre Frota De Andrade,Estadual,São Paulo,Deputado Federal eleito,PSL,alefrotabrasil,,id1728528250694023,07/10/2018,-,814166628585897984
480,Alexandre Leite Da Silva,Estadual,São Paulo,Deputado Federal eleito,DEM,lexandreleite,,id203088656460254,07/10/2018,-,541058234
481,Alexandre Rocha Santos Padilha,Estadual,São Paulo,Deputado Federal eleito,PT,padilhando,,id894038504020410,07/10/2018,-,58065771
482,Alexis Joseph Steverlynck Fonteyne,Estadual,São Paulo,Deputado Federal eleito,NOVO,alexisfonteyne,,id727528134072647,07/10/2018,-,852253471101378567
483,Antonio Cezar Correia Freire,Estadual,São Paulo,Deputado Federal eleito,PSD,Czmadureira,,id1401978510018003,07/10/2018,-,3174212523
484,Arlindo Chignalia Junior,Estadual,São Paulo,Deputado Federal eleito,PT,depchinaglia,,id1390272641222659,07/10/2018,-,2970239037
485,Arnaldo Calil Pereira Jardim,Estadual,São Paulo,Deputado Federal eleito,PPS,arnaldojardim,,id284823328208067,07/10/2018,-,53493125
486,Benedito Roberto Alves Ferreira,Estadual,São Paulo,Deputado Federal eleito,PRB,,,id798681053542019,07/10/2018,-,
487,Bruna Dias Furlan,Estadual,São Paulo,Deputado Federal eleito,PSDB,depbrunafurlan,,id367980806622995,07/10/2018,-,107136287
488,Carla Zambelli Salgado,Estadual,São Paulo,Deputado Federal eleito,PSL,carlazambelli17,,id198620036895177,07/10/2018,-,975127727501185025
489,Carlos Alberto Rolim Zarattini,Estadual,São Paulo,Deputado Federal eleito,PT,carloszarattini,,id405401689514244,07/10/2018,-,45473463
490,Carlos Henrique Focesi Sampaio,Estadual,São Paulo,Deputado Federal eleito,PSDB,carlossampaio_,,id157095474375284,07/10/2018,-,144936947
491,Celso Ubirajara Russomanno,Estadual,São Paulo,Deputado Federal eleito,PRB,celsorussomanno,,id255649141196176,07/10/2018,-,82386446
492,David Bezerra Ribeiro Soares,Estadual,São Paulo,Deputado Federal eleito,DEM,,,id306768639382744,07/10/2018,-,
493,Eduardo Nantes Bolsonaro,Estadual,São Paulo,Deputado Federal eleito,PSL,bolsonarosp,,id232788843580414,07/10/2018,-,74756085
494,Eduardo Pedrosa Cury,Estadual,São Paulo,Deputado Federal eleito,PSDB,eduardo_cury,,id1504636423084640,07/10/2018,-,138504441
495,Enrico Van Blarcum De Graaff Misasi,Estadual,São Paulo,Deputado Federal eleito,PV,,,id165432287646099,07/10/2018,-,
496,Eugenio José Zuliani,Estadual,São Paulo,Deputado Federal eleito,DEM,geninhozuliani,,id318182948245160,07/10/2018,-,44830026
497,Fausto Ruy Pinato,Estadual,São Paulo,Deputado Federal eleito,PP,faustopinato,,id415124335529300,07/10/2018,-,1907851698
498,Francisco Everardo Oliveira Silva,Estadual,São Paulo,Deputado Federal eleito,Estado do Paraná,tiriricanaweb,,id,07/10/2018,-,813437130
499,Gilberto Nascimento Silva,Estadual,São Paulo,Deputado Federal eleito,PSC,gilbertopsc20,,id417313621741481,07/10/2018,-,1665473502
500,Guilherme Muraro Derrite,Estadual,São Paulo,Deputado Federal eleito,PP,capitaoderrite,,id546286218728460,07/10/2018,-,1081517956964802561
501,Guilherme Mussi Ferreira,Estadual,São Paulo,Deputado Federal eleito,PP,guilhermemussi,,id120856188018045,07/10/2018,-,120240834
502,Herculano Castilho Passos Junior,Estadual,São Paulo,Deputado Federal eleito,MDB,herculanopassos,,id484137231655181,07/10/2018,-,1517392862
503,Ivan Valente,Estadual,São Paulo,Deputado Federal eleito,PSOL,ivanvalente,,id194174003960823,07/10/2018,-,112498734
504,Jefferson Alves De Campos,Estadual,São Paulo,Deputado Federal eleito,PSB,depjefferson,,id224476247605395,07/10/2018,-,125974569
505,Joice Cristina Hasselmann,Estadual,São Paulo,Deputado Federal eleito,PSL,joicehasselmann,,id254514881287375,07/10/2018,-,116519514
506,José Augusto Rosa,Estadual,São Paulo,Deputado Federal eleito,Estado do Paraná,deputadocapitao,,id1378617549025463,07/10/2018,-,790964369593102336
507,José Guilherme Negrão Peixoto,Estadual,São Paulo,Deputado Federal eleito,PSL,,,id235096606936207,07/10/2018,-,
508,Katia Da Silva Sastre,Estadual,São Paulo,Deputado Federal eleito,Estado do Paraná,katiasastre,,id1055721444583776,07/10/2018,-,1025446161166024704
509,Kim Patroca Kataguiri,Estadual,São Paulo,Deputado Federal eleito,DEM,kimpkat,,id833053646745836,07/10/2018,-,1494658207
510,Luiz Carlos Motta,Estadual,São Paulo,Deputado Federal eleito,Estado do Paraná,lcm_motta,,id196025943931014,07/10/2018,-,253966320
511,Luiz Felipe Baleia Tenuto Rossi,Estadual,São Paulo,Deputado Federal eleito,MDB,baleia_rossi,,id520798404655508,07/10/2018,-,86373674
512,Luiz Flavio Gomes,Estadual,São Paulo,Deputado Federal eleito,PSB,professorlfg,,id322392571461646,07/10/2018,-,70494655
513,Luiz Paulo Teixeira Ferreira,Estadual,São Paulo,Deputado Federal eleito,PT,pauloteixeira13,,id123368671040530,07/10/2018,-,25562342
514,Luiz Philippe De Orleans Bragança,Estadual,São Paulo,Deputado Federal eleito,PSL,lpbragancabr,,id678761768950811,07/10/2018,-,728281672731471873
515,Luiza Erundina De Sousa,Estadual,São Paulo,Deputado Federal eleito,PSOL,luizaerundina,,id198276680205255,07/10/2018,-,55022037
516,Mara Cristina Gabrilli,Estadual,São Paulo,Senador eleito,PSDB,maragabrilli,,id215275598522355,07/10/2018,-,30978177
517,Marcio Luiz Alvino De Souza,Estadual,São Paulo,Deputado Federal eleito,Estado do Paraná,,,id620314628044090,07/10/2018,-,
518,Marcio Tadeu Anhaia De Lemos,Estadual,São Paulo,Deputado Federal eleito,PSL,coroneltadeu,,id1821705364774977,07/10/2018,-,907301328988332033
519,Marco Antonio Feliciano,Estadual,São Paulo,Deputado Federal eleito,PODE,marcofeliciano,,id176976939109000,07/10/2018,-,35805725
520,Marco Aurelio Bertaiolli,Estadual,São Paulo,Deputado Federal eleito,PSD,marcobertaiolli,,id237597346269787,07/10/2018,-,67180789
521,Marcos Antonio Pereira,Estadual,São Paulo,Deputado Federal eleito,PRB,marcospereira04,,id390881930977875,07/10/2018,-,149746462
522,Maria Do Parto Mendes Rosas,Estadual,São Paulo,Deputado Federal eleito,PRB,depmariarosas,,id162546520582060,07/10/2018,-,554803332
523,Miguel Lombardi,Estadual,São Paulo,Deputado Federal eleito,Estado do Paraná,,,id503151713035561,07/10/2018,-,
524,Milton Vieira Pinto,Estadual,São Paulo,Deputado Federal eleito,PRB,,,id125758354680348,07/10/2018,-,
525,Nicolino Bozzella Junior,Estadual,São Paulo,Deputado Federal eleito,PSL,juniorbozzella,,id698258676878679,07/10/2018,-,165267775
526,Nilto Ignacio Tatto,Estadual,São Paulo,Deputado Federal eleito,PT,niltotatto,,id311887468974835,07/10/2018,-,2674564802
527,Orlando Silva De Jesus Junior,Estadual,São Paulo,Deputado Federal eleito,PC do B,orlandosilva,,id397405070321390,07/10/2018,-,304092926
528,Paulo Pereira Da Silva,Estadual,São Paulo,Deputado Federal eleito,SOLIDARIEDADE,dep_paulinho,,id223004697754861,07/10/2018,-,80044177
529,Paulo Roberto Freire Da Costa,Estadual,São Paulo,Deputado Federal eleito,Estado do Paraná,df_paulofreire,,id200801366622612,07/10/2018,-,169768074
530,Paulo Sergio Abou Anni,Estadual,São Paulo,Deputado Federal eleito,PSL,,,id164881476980537,07/10/2018,-,
531,Renata Hellmeister De Abreu,Estadual,São Paulo,Deputado Federal eleito,PODE,renataabreudep,,id1433929133492494,07/10/2018,-,441108081
532,Ricardo Izar Junior,Estadual,São Paulo,Deputado Federal eleito,PP,ricardoizar,,id370738376378204,07/10/2018,-,56585767
533,Roberto Alves De Lucena,Estadual,São Paulo,Deputado Federal eleito,PODE,robertodelucena,,id234504343286488,07/10/2018,-,279108848
534,Roberto Sebastião Peternelli Junior,Estadual,São Paulo,Deputado Federal eleito,PSL,genpeternelli,,id1432124833712305,07/10/2018,-,2491980048
535,Rodrigo Antonio De Agostinho Mendonça,Estadual,São Paulo,Deputado Federal eleito,PSB,rodrigoagost,,id217600379046455,07/10/2018,-,60424398
536,Rosana De Oliveira Valle,Estadual,São Paulo,Deputado Federal eleito,PSB,,,id238761896484083,07/10/2018,-,
537,Rui Goethe Da Costa Falcão,Estadual,São Paulo,Deputado Federal eleito,PT,rfalcao13,,id127139487368866,07/10/2018,-,36248739
538,Samia De Souza Bomfim,Estadual,São Paulo,Deputado Federal eleito,PSOL,samiabomfim,,id101868150220967,07/10/2018,-,27703690
539,Samuel Moreira Da Silva Júnior,Estadual,São Paulo,Deputado Federal eleito,PSDB,samuelmoreira,,id301671559864163,07/10/2018,-,28340920
540,Sergio Olimpio Gomes,Estadual,São Paulo,Senador eleito,PSL,majorolimpio,,id169733469856759,07/10/2018,-,94451423
541,Tabata Claudia Amaral De Pontes,Estadual,São Paulo,Deputado Federal eleito,PDT,,,id201596403728972,07/10/2018,-,
542,Vanderlei Macris,Estadual,São Paulo,Deputado Federal eleito,PSDB,vanderleimacris,,id264795166973213,07/10/2018,-,34294919
543,Vicente Paulo Da Silva,Estadual,São Paulo,Deputado Federal eleito,PT,vicentinhopt,,id212580628877003,07/10/2018,-,74762633
544,Vinicius Lazzer Poit,Estadual,São Paulo,Deputado Federal eleito,NOVO,viniciuspoit,,id345383669175951,07/10/2018,-,110858508
545,Vinicius Rapozo De Carvalho,Estadual,São Paulo,Deputado Federal eleito,PRB,,,id462223517218816,07/10/2018,-,
546,Vitor Lippi,Estadual,São Paulo,Deputado Federal eleito,PSDB,depvitorlippi,,id158894974200303,07/10/2018,-,3092560931
547,Alessandro Vieira,Estadual,Sergipe,Senador eleito,REDE,sen_alessandro,,id728845403983151,07/10/2018,-,4250596815
548,Fábio Cruz Mitidieri,Estadual,Sergipe,Deputado Federal eleito,PSD,depfmitidieri,,id668823956526400,07/10/2018,-,630758039
549,Fabio De Almeida Reis,Estadual,Sergipe,Deputado Federal eleito,MDB,fabioreis1515,,id553664537999202,07/10/2018,-,117091723
550,Fabio Henrique Santana De Carvalho,Estadual,Sergipe,Deputado Federal eleito,PDT,fabiohenriquese,,id459279477427452,07/10/2018,-,121734184
551,João Bosco Da Costa,Estadual,Sergipe,Deputado Federal eleito,Estado do Paraná,BoscoCostapr,,id351151221703405,07/10/2018,-,988780366453465089
552,Joao Somariva Daniel,Estadual,Sergipe,Deputado Federal eleito,PT,,,id420180604673755,07/10/2018,-,
553,José Valdevan De Jesus Santos,Estadual,Sergipe,Deputado Federal eleito,PSC,valdevannoventa,,id136974320321805,07/10/2018,-,934476175354875905
554,Laercio Jose De Oliveira,Estadual,Sergipe,Deputado Federal eleito,PP,laerciofederal,,id457224910969875,07/10/2018,-,130696242
555,Luiz Augusto Carvalho Ribeiro Filho,Estadual,Sergipe,Deputado Federal eleito,SOLIDARIEDADE,gustinhoribeiro,,id459354704210423,07/10/2018,-,57208702
556,Rogerio Carvalho Santos,Estadual,Sergipe,Senador eleito,PT,,,id217947255001794,07/10/2018,-,
557,Carlos Eduardo Torres Gomes,Estadual,Tocantins,Senador eleito,SOLIDARIEDADE,eduardogomesto,,id1451173408475206,07/10/2018,-,102444270
558,Carlos Henrique Amorim,Estadual,Tocantins,Deputado Federal eleito,DEM,carlos_gaguim,,id406853466072459,07/10/2018,-,423706952
559,Celio Alves De Moura,Estadual,Tocantins,Deputado Federal eleito,PT,,,id,07/10/2018,-,
560,Dulce Ferreira Pagani Miranda,Estadual,Tocantins,Deputado Federal eleito,MDB,dulcemiranda_to,,id794959433858802,07/10/2018,-,3100210277
561,Eli Dias Borges,Estadual,Tocantins,Deputado Federal eleito,SOLIDARIEDADE,elidiasborges,,id306453382750931,07/10/2018,-,309301912
562,Irajá Silvestre Filho,Estadual,Tocantins,Senador eleito,PSD,,,id359491867555824,07/10/2018,-,
563,Maria Auxiliadora Seabra Rezende,Estadual,Tocantins,Deputado Federal eleito,DEM,profdorinha,,id291482090931929,07/10/2018,-,79174387
564,Osires Rodrigues Damaso,Estadual,Tocantins,Deputado Federal eleito,PSC,Damaso2020,,id323794244660496,07/10/2018,-,763084449454104576
565,Tiago Braga Pereira,Estadual,Tocantins,Deputado Federal eleito,SOLIDARIEDADE,,,id194222841161302,07/10/2018,-,
566,Vicente Alves De Oliveira Junior,Estadual,Tocantins,Deputado Federal eleito,,vicentinhojr,,id628145183937458,07/10/2018,-,149013361
567,General Hamilton Mourão,Federal,União,Vice-presidente eleito,PRTB,GeneralMourao,,,28/10/2018,-,1058819604741525510
568,Jair Messias Bolsonaro,Federal,União,Presidente-eleito,PSL,jairbolsonaro,jairmessias.bolsonaro,,28/10/2018,-,128372940
569,Ernesto Araújo,Federal,União,Futuro Ministro Relações Exteriores,,ernestofaraujo,,,01/01/2019,-,1062831969476771842
570,Marcos Pontes,Federal,União,Futuro Ministro da Ciência e Tecnologia,,Astro_Pontes,,,01/01/2019,-,93339429
571,Eduardo Dias da Costa Villas Bôas,Federal,União,Comandante do Exército,,Gen_VillasBoas,,,,-,826847661559050242
572,João Dória,Estadual,São Paulo,Governador-Eleito,,jdoriajr,,,28/10/2018,-,64706049
573,Paulo Uebel,Federal,União,Futuro Secretário de Desburocratização,,paulouebel,,,01/01/2019,-,243663426
574,Wilson Witzel,Estadual,Rio de Janeiro,Governador-Eleito,,witzelwilson,,,01/01/2019,-,1456030645
575,Carlos Alexandre da Costa,Federal,União,Futuro Secretário de Produtividade,,cajdacosta,,,01/01/2019,-,86560353
576,Olavo de Carvalho,Federal,União,Conselheiro,,OdeCarvalho,,,01/01/2019,-,46822091
577,Carlos Manato, Federal, União, Secretário Especial para Camara,,DeputadoManato,,,01/01/2019,-,82433790
578,Damares Alves, Federal, União, Ministra direitos humanos,,DamaresAlves,,,01/01/2019,-,1083774484123975680
579,Ricardo Salles,Federal, União, Ministro da economia,,rsallesmma,,,01/01/2019,,971822131024748545
